,nodename,filesize_per_thread max_pages max_flight,numjobs,stripecount,95per,99per,99.9per,99.99per,min_iops,max_iops,avg_iops,throughput,pm1_nvme0_io,pm1_nvme1_io,pm1_nvme2_io,pm1_nvme3_io,pm1_nvme0_write,pm1_nvme1_write,pm1_nvme2_write,pm1_nvme3_write
0,CN7,1M,1,1,0.0,0.0,0.0,0.0,0.0,0.0,678.21,409.28,5.0,0.01,0.01,0.01,18.4,0.0,0.0,0.0
1,CN7,1M,1,2,0.0,0.0,0.0,0.0,0.0,0.0,629.1,387.36,9.21,0.01,0.01,0.01,17.28,0.0,0.0,0.0
2,CN7,1M,1,4,0.0,0.0,0.0,0.0,0.0,0.0,637.09,391.11,2.7,0.01,0.01,0.01,16.58,0.0,0.0,0.0
3,CN7,1M,1,8,0.0,0.0,0.0,0.0,0.0,0.0,726.11,437.09,6.12,0.01,0.01,0.01,16.63,0.0,0.0,0.0
4,CN7,1M,1,16,0.0,0.0,0.0,0.0,0.0,0.0,637.82,388.39,4.14,0.01,0.01,0.01,16.19,0.0,0.0,0.0
5,CN7,1M,1,32,0.0,0.0,0.0,0.0,0.0,0.0,709.39,427.61,3.56,0.01,0.01,0.01,15.75,0.0,0.0,0.0
6,CN7,1M,1,64,0.0,0.0,0.0,0.0,0.0,0.0,637.86,394.36,4.04,0.01,0.01,0.01,14.49,0.0,0.0,0.0
7,CN7,1M,2,1,0.0,0.0,0.0,0.0,0.0,0.0,301.58,263.0,22.44,0.01,0.01,0.01,17.58,0.0,0.0,0.0
8,CN7,1M,2,2,0.0,0.0,0.0,0.0,0.0,0.0,334.66,254.9,18.84,0.01,0.01,0.01,16.09,0.0,0.0,0.0
9,CN7,1M,2,4,0.0,0.0,0.0,0.0,0.0,0.0,348.89,297.61,22.32,0.01,0.01,0.01,17.12,0.0,0.0,0.0
10,CN7,1M,2,8,0.0,0.0,0.0,0.0,0.0,0.0,347.96,297.3,22.02,0.01,0.01,0.01,16.89,0.0,0.0,0.0
11,CN7,1M,2,16,0.0,0.0,0.0,0.0,0.0,0.0,348.12,298.11,21.82,0.01,0.01,0.01,16.67,0.0,0.0,0.0
12,CN7,1M,2,32,0.0,0.0,0.0,0.0,0.0,0.0,348.22,296.54,22.22,0.01,0.01,0.01,16.44,0.0,0.0,0.0
13,CN7,1M,2,64,0.0,0.0,0.0,0.0,0.0,0.0,347.36,297.79,22.22,0.01,0.01,0.01,16.23,0.0,0.0,0.0
14,CN7,1M,4,1,0.0,0.0,0.0,0.0,0.0,0.0,654.88,566.01,21.96,0.01,0.01,0.01,16.03,0.0,0.0,0.0
15,CN7,1M,4,2,0.0,0.0,0.0,0.0,0.0,0.0,642.63,551.83,22.23,0.01,0.01,0.01,15.84,0.0,0.0,0.0
16,CN7,1M,4,4,0.0,0.0,0.0,0.0,0.0,0.0,642.09,556.19,21.93,0.01,0.01,0.01,15.65,0.0,0.0,0.0
17,CN7,1M,4,8,0.0,0.0,0.0,0.0,0.0,0.0,638.78,551.21,22.03,0.01,0.01,0.01,15.46,0.0,0.0,0.0
18,CN7,1M,4,16,0.0,0.0,0.0,0.0,0.0,0.0,636.42,551.72,21.53,0.01,0.01,0.01,15.28,0.0,0.0,0.0
19,CN7,1M,4,32,0.0,0.0,0.0,0.0,0.0,0.0,636.84,549.92,21.29,0.01,0.01,0.01,15.11,0.0,0.0,0.0
20,CN7,1M,4,64,0.0,0.0,0.0,0.0,0.0,0.0,652.95,560.29,21.4,0.01,0.01,0.01,14.94,0.0,0.0,0.0
21,CN7,1M,8,1,0.0,0.0,0.0,0.0,0.0,0.0,1080.0,956.71,22.34,0.01,0.01,0.01,14.77,0.0,0.0,0.0
22,CN7,1M,8,2,0.0,0.0,0.0,0.0,0.0,0.0,1089.78,958.28,22.44,0.01,0.01,0.01,14.71,0.0,0.0,0.0
23,CN7,1M,8,4,0.0,0.0,0.0,0.0,0.0,0.0,1111.54,967.62,21.94,0.01,0.01,0.01,14.46,0.0,0.0,0.0
24,CN7,1M,8,8,0.0,0.0,0.0,0.0,0.0,0.0,1037.31,899.55,19.75,0.01,0.01,0.01,14.3,0.0,0.0,0.0
25,CN7,1M,8,16,0.0,0.0,0.0,0.0,0.0,0.0,1088.71,961.78,22.55,0.01,0.01,0.01,14.17,0.0,0.0,0.0
26,CN7,1M,8,32,0.0,0.0,0.0,0.0,0.0,0.0,1157.03,998.78,22.25,0.01,0.01,0.01,14.01,0.0,0.0,0.0
27,CN7,1M,8,64,0.0,0.0,0.0,0.0,0.0,0.0,1100.25,967.01,21.85,0.01,0.01,0.01,13.87,0.0,0.0,0.0
28,CN7,1M,16,1,0.0,0.0,0.0,0.0,0.0,0.0,1236.54,1136.04,35.05,0.0,0.0,0.0,12.93,0.0,0.0,0.0
29,CN7,1M,16,2,0.0,0.0,0.0,0.0,0.0,0.0,1251.27,1150.65,31.06,0.0,0.0,0.0,9.57,0.0,0.0,0.0
30,CN7,1M,16,4,0.0,0.0,0.0,0.0,0.0,0.0,913.44,864.99,82.6,0.0,0.0,0.0,17.11,0.0,0.0,0.0
31,CN7,1M,16,8,0.0,0.0,0.0,0.0,0.0,0.0,1364.66,1246.96,81.45,0.0,0.0,0.0,18.06,0.0,0.0,0.0
32,CN7,1M,16,16,0.0,0.0,0.0,0.0,0.0,0.0,1290.15,1189.27,60.21,0.0,0.0,0.0,14.55,0.0,0.0,0.0
33,CN7,1M,16,32,0.0,0.0,0.0,0.0,0.0,0.0,1262.1,1157.17,72.96,0.0,0.0,0.0,16.26,0.0,0.0,0.0
34,CN7,1M,16,64,0.0,0.0,0.0,0.0,0.0,0.0,1302.75,1186.38,58.03,0.0,0.0,0.0,14.82,0.0,0.0,0.0
35,CN7,1M,32,1,0.0,0.0,0.0,0.0,0.0,0.0,630.03,605.7,177.02,0.0,0.0,0.0,27.12,0.0,0.0,0.0
36,CN7,1M,32,2,0.0,0.0,0.0,0.0,0.0,0.0,503.82,494.73,191.36,0.0,0.0,0.0,29.12,0.0,0.0,0.0
37,CN7,1M,32,4,0.0,0.0,0.0,0.0,0.0,0.0,591.09,561.47,196.62,0.0,0.0,0.0,29.08,0.0,0.0,0.0
38,CN7,1M,32,8,0.0,0.0,0.0,0.0,0.0,0.0,622.24,583.27,174.8,0.0,0.0,0.0,26.61,0.0,0.0,0.0
39,CN7,1M,32,16,0.0,0.0,0.0,0.0,0.0,0.0,526.22,499.49,197.55,0.0,0.0,0.0,29.51,0.0,0.0,0.0
40,CN7,1M,32,32,0.0,0.0,0.0,0.0,0.0,0.0,561.12,517.51,136.0,0.0,0.0,0.0,21.4,0.0,0.0,0.0
41,CN7,1M,32,64,0.0,0.0,0.0,0.0,0.0,0.0,565.96,555.06,197.07,0.0,0.0,0.0,29.88,0.0,0.0,0.0
42,CN7,1M,64,1,0.0,0.0,0.0,0.0,0.0,0.0,678.6,659.09,356.04,0.0,0.0,0.0,47.04,0.0,0.0,0.0
43,CN7,1M,64,2,0.0,0.0,0.0,0.0,0.0,0.0,677.21,671.74,340.99,0.0,0.0,0.0,46.0,0.0,0.0,0.0
44,CN7,1M,64,4,0.0,0.0,0.0,0.0,0.0,0.0,632.99,595.11,354.38,0.0,0.0,0.0,47.29,0.0,0.0,0.0
45,CN7,1M,64,8,0.0,0.0,0.0,0.0,0.0,0.0,689.61,621.85,341.22,0.0,0.0,0.0,45.75,0.0,0.0,0.0
46,CN7,1M,64,16,0.0,0.0,0.0,0.0,0.0,0.0,687.07,673.54,277.09,0.0,0.0,0.0,37.86,0.0,0.0,0.0
47,CN7,1M,64,32,0.0,0.0,0.0,0.0,0.0,0.0,625.89,598.16,313.37,0.0,0.0,0.0,40.04,0.0,0.0,0.0
48,CN7,1M,64,64,0.0,0.0,0.0,0.0,0.0,0.0,647.16,622.14,402.39,0.0,0.0,0.0,53.48,0.0,0.0,0.0
49,CN7,2M,1,1,0.0,0.0,0.0,0.0,0.0,0.0,424.84,603.84,6.91,0.01,0.01,0.01,9.16,0.0,0.0,0.0
50,CN7,2M,1,2,0.0,0.0,0.0,0.0,0.0,0.0,372.46,538.97,7.22,0.01,0.01,0.01,9.33,0.0,0.0,0.0
51,CN7,2M,1,4,0.0,0.0,0.0,0.0,0.0,0.0,379.97,547.07,11.12,0.01,0.01,0.01,9.1,0.0,0.0,0.0
52,CN7,2M,1,8,0.0,0.0,0.0,0.0,0.0,0.0,335.92,491.49,12.23,0.01,0.01,0.01,9.7,0.0,0.0,0.0
53,CN7,2M,1,16,0.0,0.0,0.0,0.0,0.0,0.0,376.72,545.12,16.85,0.01,0.01,0.01,10.68,0.0,0.0,0.0
54,CN7,2M,1,32,0.0,0.0,0.0,0.0,0.0,0.0,374.06,538.17,16.7,0.01,0.01,0.01,9.98,0.0,0.0,0.0
55,CN7,2M,1,64,0.0,0.0,0.0,0.0,0.0,0.0,379.03,544.85,10.95,0.01,0.01,0.01,9.29,0.0,0.0,0.0
56,CN7,2M,2,1,0.0,0.0,0.0,0.0,0.0,0.0,199.33,362.25,38.27,0.01,0.01,0.01,12.32,0.0,0.0,0.0
57,CN7,2M,2,2,0.0,0.0,0.0,0.0,0.0,0.0,201.9,365.72,43.75,0.01,0.01,0.01,13.21,0.0,0.0,0.0
58,CN7,2M,2,4,0.0,0.0,0.0,0.0,0.0,0.0,203.63,367.91,43.43,0.01,0.01,0.01,13.14,0.0,0.0,0.0
59,CN7,2M,2,8,0.0,0.0,0.0,0.0,0.0,0.0,208.38,377.07,43.52,0.01,0.01,0.01,13.05,0.0,0.0,0.0
60,CN7,2M,2,16,0.0,0.0,0.0,0.0,0.0,0.0,203.2,368.18,43.91,0.01,0.01,0.01,12.99,0.0,0.0,0.0
61,CN7,2M,2,32,0.0,0.0,0.0,0.0,0.0,0.0,200.98,364.91,42.63,0.01,0.01,0.01,12.91,0.0,0.0,0.0
62,CN7,2M,2,64,0.0,0.0,0.0,0.0,0.0,0.0,201.73,366.45,43.29,0.01,0.01,0.01,12.85,0.0,0.0,0.0
63,CN7,2M,4,1,0.0,0.0,0.0,0.0,0.0,0.0,392.99,714.56,43.27,0.01,0.01,0.01,12.78,0.0,0.0,0.0
64,CN7,2M,4,2,0.0,0.0,0.0,0.0,0.0,0.0,386.33,703.26,43.39,0.01,0.01,0.01,12.72,0.0,0.0,0.0
65,CN7,2M,4,4,0.0,0.0,0.0,0.0,0.0,0.0,376.21,685.26,44.05,0.01,0.01,0.01,12.66,0.0,0.0,0.0
66,CN7,2M,4,8,0.0,0.0,0.0,0.0,0.0,0.0,392.86,712.15,42.54,0.01,0.01,0.01,12.59,0.0,0.0,0.0
67,CN7,2M,4,16,0.0,0.0,0.0,0.0,0.0,0.0,373.34,676.39,42.53,0.01,0.01,0.01,12.53,0.0,0.0,0.0
68,CN7,2M,4,32,0.0,0.0,0.0,0.0,0.0,0.0,376.44,686.67,46.43,0.01,0.01,0.01,13.35,0.0,0.0,0.0
69,CN7,2M,4,64,0.0,0.0,0.0,0.0,0.0,0.0,383.67,698.2,43.71,0.01,0.01,0.01,12.41,0.0,0.0,0.0
70,CN7,2M,8,1,0.0,0.0,0.0,0.0,0.0,0.0,636.92,1165.25,104.89,0.0,0.0,0.0,18.73,0.0,0.0,0.0
71,CN7,2M,8,2,0.0,0.0,0.0,0.0,0.0,0.0,639.63,1177.86,85.05,0.01,0.01,0.01,17.31,0.0,0.0,0.0
72,CN7,2M,8,4,0.0,0.0,0.0,0.0,0.0,0.0,659.38,1215.52,99.13,0.01,0.01,0.01,19.74,0.0,0.0,0.0
73,CN7,2M,8,8,0.0,0.0,0.0,0.0,0.0,0.0,642.01,1184.18,100.13,0.01,0.01,0.01,19.02,0.0,0.0,0.0
74,CN7,2M,8,16,0.0,0.0,0.0,0.0,0.0,0.0,562.22,1039.04,111.1,0.01,0.01,0.01,20.29,0.0,0.0,0.0
75,CN7,2M,8,32,0.0,0.0,0.0,0.0,0.0,0.0,570.51,1061.2,108.46,0.01,0.01,0.01,20.42,0.0,0.0,0.0
76,CN7,2M,8,64,0.0,0.0,0.0,0.0,0.0,0.0,586.28,1086.46,107.69,0.01,0.01,0.01,19.77,0.0,0.0,0.0
77,CN7,2M,16,1,0.0,0.0,0.0,0.0,0.0,0.0,686.71,1294.51,217.75,0.0,0.0,0.0,30.41,0.0,0.0,0.0
78,CN7,2M,16,2,0.0,0.0,0.0,0.0,0.0,0.0,640.65,1223.42,150.8,0.0,0.0,0.0,21.74,0.0,0.0,0.0
79,CN7,2M,16,4,0.0,0.0,0.0,0.0,0.0,0.0,599.81,1151.28,164.11,0.0,0.0,0.0,23.63,0.0,0.0,0.0
80,CN7,2M,16,8,0.0,0.0,0.0,0.0,0.0,0.0,577.41,1109.49,190.59,0.0,0.0,0.0,27.22,0.0,0.0,0.0
81,CN7,2M,16,16,0.0,0.0,0.0,0.0,0.0,0.0,635.05,1214.55,168.33,0.0,0.0,0.0,24.54,0.0,0.0,0.0
82,CN7,2M,16,32,0.0,0.0,0.0,0.0,0.0,0.0,625.76,1196.01,201.1,0.0,0.0,0.0,27.95,0.0,0.0,0.0
83,CN7,2M,16,64,0.0,0.0,0.0,0.0,0.0,0.0,615.52,1177.94,178.17,0.0,0.0,0.0,25.43,0.0,0.0,0.0
84,CN7,2M,32,1,0.0,0.0,0.0,0.0,0.0,0.0,396.71,768.77,412.14,0.0,0.0,0.0,51.44,0.0,0.0,0.0
85,CN7,2M,32,2,0.0,0.0,0.0,0.0,0.0,0.0,454.78,878.21,458.11,0.0,0.0,0.0,56.53,0.0,0.0,0.0
86,CN7,2M,32,4,0.0,0.0,0.0,0.0,0.0,0.0,408.03,764.66,353.03,0.0,0.0,0.0,43.98,0.0,0.0,0.0
87,CN7,2M,32,8,0.0,0.0,0.0,0.0,0.0,0.0,464.61,902.3,451.97,0.0,0.0,0.0,55.3,0.0,0.0,0.0
88,CN7,2M,32,16,0.0,0.0,0.0,0.0,0.0,0.0,453.01,860.14,454.21,0.0,0.0,0.0,56.39,0.0,0.0,0.0
89,CN7,2M,32,32,0.0,0.0,0.0,0.0,0.0,0.0,433.6,849.51,451.67,0.0,0.0,0.0,55.67,0.0,0.0,0.0
90,CN7,2M,32,64,0.0,0.0,0.0,0.0,0.0,0.0,426.61,798.13,404.29,0.0,0.0,0.0,49.64,0.0,0.0,0.0
91,CN7,2M,64,1,0.0,0.0,0.0,0.0,0.0,0.0,622.86,1226.72,669.22,0.0,0.0,0.0,75.07,0.0,0.0,0.0
92,CN7,2M,64,2,0.0,0.0,0.0,0.0,0.0,0.0,550.84,1073.57,609.53,0.0,0.0,0.0,69.94,0.0,0.0,0.0
93,CN7,2M,64,4,0.0,0.0,0.0,0.0,0.0,0.0,624.66,1243.06,611.05,0.0,0.0,0.0,71.91,0.0,0.0,0.0
94,CN7,2M,64,8,0.0,0.0,0.0,0.0,0.0,0.0,632.87,1233.7,604.34,0.0,0.0,0.0,69.2,0.0,0.0,0.0
95,CN7,2M,64,16,0.0,0.0,0.0,0.0,0.0,0.0,566.21,1074.65,652.59,0.0,0.0,0.0,77.81,0.0,0.0,0.0
96,CN7,2M,64,32,0.0,0.0,0.0,0.0,0.0,0.0,575.09,1126.76,682.74,0.0,0.0,0.0,82.78,0.0,0.0,0.0
97,CN7,2M,64,64,0.0,0.0,0.0,0.0,0.0,0.0,606.33,1156.98,749.11,0.0,0.0,0.0,92.09,0.0,0.0,0.0
98,CN7,4M,1,1,0.0,0.0,0.0,0.0,0.0,0.0,230.51,756.34,87.93,0.0,0.0,0.0,16.04,0.0,0.0,0.0
99,CN7,4M,1,2,0.0,0.0,0.0,0.0,0.0,0.0,230.88,760.02,83.61,0.0,0.0,0.0,16.0,0.0,0.0,0.0
100,CN7,4M,1,4,0.0,0.0,0.0,0.0,0.0,0.0,232.26,762.03,90.23,0.0,0.0,0.0,17.1,0.0,0.0,0.0
101,CN7,4M,1,8,0.0,0.0,0.0,0.0,0.0,0.0,230.41,753.35,84.86,0.0,0.0,0.0,15.93,0.0,0.0,0.0
102,CN7,4M,1,16,0.0,0.0,0.0,0.0,0.0,0.0,224.23,734.53,91.18,0.0,0.0,0.0,17.02,0.0,0.0,0.0
103,CN7,4M,1,32,0.0,0.0,0.0,0.0,0.0,0.0,220.87,724.99,90.96,0.0,0.0,0.0,16.98,0.0,0.0,0.0
104,CN7,4M,1,64,0.0,0.0,0.0,0.0,0.0,0.0,225.17,743.9,82.4,0.0,0.0,0.0,15.81,0.0,0.0,0.0
105,CN7,4M,2,1,0.0,0.0,0.0,0.0,0.0,0.0,115.48,436.62,159.06,0.0,0.0,0.0,25.13,0.0,0.0,0.0
106,CN7,4M,2,2,0.0,0.0,0.0,0.0,0.0,0.0,114.87,435.09,169.73,0.0,0.0,0.0,26.88,0.0,0.0,0.0
107,CN7,4M,2,4,0.0,0.0,0.0,0.0,0.0,0.0,113.23,428.66,158.66,0.0,0.0,0.0,25.04,0.0,0.0,0.0
108,CN7,4M,2,8,0.0,0.0,0.0,0.0,0.0,0.0,114.87,435.18,158.76,0.0,0.0,0.0,25.01,0.0,0.0,0.0
109,CN7,4M,2,16,0.0,0.0,0.0,0.0,0.0,0.0,113.32,429.32,169.93,0.0,0.0,0.0,26.76,0.0,0.0,0.0
110,CN7,4M,2,32,0.0,0.0,0.0,0.0,0.0,0.0,113.54,429.91,146.92,0.0,0.0,0.0,23.16,0.0,0.0,0.0
111,CN7,4M,2,64,0.0,0.0,0.0,0.0,0.0,0.0,113.8,430.66,135.82,0.0,0.0,0.0,21.35,0.0,0.0,0.0
112,CN7,4M,4,1,0.0,0.0,0.0,0.0,0.0,0.0,215.33,816.97,212.86,0.0,0.0,0.0,31.37,0.0,0.0,0.0
113,CN7,4M,4,2,0.0,0.0,0.0,0.0,0.0,0.0,212.78,808.82,212.87,0.0,0.0,0.0,31.21,0.0,0.0,0.0
114,CN7,4M,4,4,0.0,0.0,0.0,0.0,0.0,0.0,214.66,815.2,215.16,0.0,0.0,0.0,31.58,0.0,0.0,0.0
115,CN7,4M,4,8,0.0,0.0,0.0,0.0,0.0,0.0,210.13,797.59,216.25,0.0,0.0,0.0,31.99,0.0,0.0,0.0
116,CN7,4M,4,16,0.0,0.0,0.0,0.0,0.0,0.0,212.05,804.89,229.83,0.0,0.0,0.0,33.7,0.0,0.0,0.0
117,CN7,4M,4,32,0.0,0.0,0.0,0.0,0.0,0.0,209.43,795.5,240.23,0.0,0.0,0.0,35.31,0.0,0.0,0.0
118,CN7,4M,4,64,0.0,0.0,0.0,0.0,0.0,0.0,209.59,796.35,202.78,0.0,0.0,0.0,29.45,0.0,0.0,0.0
119,CN7,4M,8,1,0.0,0.0,0.0,0.0,0.0,0.0,325.89,1239.79,270.25,0.0,0.0,0.0,38.08,0.0,0.0,0.0
120,CN7,4M,8,2,0.0,0.0,0.0,0.0,0.0,0.0,351.85,1344.23,296.68,0.0,0.0,0.0,41.68,0.0,0.0,0.0
121,CN7,4M,8,4,0.0,0.0,0.0,0.0,0.0,0.0,346.86,1277.23,289.77,0.0,0.0,0.0,39.98,0.0,0.0,0.0
122,CN7,4M,8,8,0.0,0.0,0.0,0.0,0.0,0.0,331.38,1274.61,324.41,0.0,0.0,0.0,44.88,0.0,0.0,0.0
123,CN7,4M,8,16,0.0,0.0,0.0,0.0,0.0,0.0,339.53,1294.09,285.22,0.0,0.0,0.0,39.77,0.0,0.0,0.0
124,CN7,4M,8,32,0.0,0.0,0.0,0.0,0.0,0.0,323.85,1228.16,281.37,0.0,0.0,0.0,38.99,0.0,0.0,0.0
125,CN7,4M,8,64,0.0,0.0,0.0,0.0,0.0,0.0,330.32,1209.73,269.57,0.0,0.0,0.0,37.55,0.0,0.0,0.0
126,CN7,4M,16,1,0.0,0.0,0.0,0.0,0.0,0.0,393.96,1517.66,464.73,0.0,0.0,0.0,60.97,0.0,0.0,0.0
127,CN7,4M,16,2,0.0,0.0,0.0,0.0,0.0,0.0,364.86,1417.18,383.86,0.0,0.0,0.0,50.67,0.0,0.0,0.0
128,CN7,4M,16,4,0.0,0.0,0.0,0.0,0.0,0.0,385.52,1495.97,409.86,0.0,0.0,0.0,53.09,0.0,0.0,0.0
129,CN7,4M,16,8,0.0,0.0,0.0,0.0,0.0,0.0,378.9,1431.12,392.08,0.0,0.0,0.0,51.36,0.0,0.0,0.0
130,CN7,4M,16,16,0.0,0.0,0.0,0.0,0.0,0.0,357.78,1396.58,365.79,0.0,0.0,0.0,46.86,0.0,0.0,0.0
131,CN7,4M,16,32,0.0,0.0,0.0,0.0,0.0,0.0,395.1,1535.35,434.32,0.0,0.0,0.0,56.26,0.0,0.0,0.0
132,CN7,4M,16,64,0.0,0.0,0.0,0.0,0.0,0.0,361.06,1406.83,358.83,0.0,0.0,0.0,45.87,0.0,0.0,0.0
133,CN7,4M,32,1,0.0,0.0,0.0,0.0,0.0,0.0,309.92,1222.48,1403.05,0.0,0.0,0.0,176.19,0.0,0.0,0.0
134,CN7,4M,32,2,0.0,0.0,0.0,0.0,0.0,0.0,264.16,1043.1,1529.22,0.0,0.0,0.0,192.37,0.0,0.0,0.0
135,CN7,4M,32,4,0.0,0.0,0.0,0.0,0.0,0.0,278.86,1079.0,1565.52,0.0,0.0,0.0,196.42,0.0,0.0,0.0
136,CN7,4M,32,8,0.0,0.0,0.0,0.0,0.0,0.0,285.15,1128.23,1632.94,0.0,0.0,0.0,204.77,0.0,0.0,0.0
137,CN7,4M,32,16,0.0,0.0,0.0,0.0,0.0,0.0,281.51,1078.62,1445.37,0.0,0.0,0.0,181.21,0.0,0.0,0.0
138,CN7,4M,32,32,0.0,0.0,0.0,0.0,0.0,0.0,282.75,1108.54,1737.2,0.0,0.0,0.0,218.54,0.0,0.0,0.0
139,CN7,4M,32,64,0.0,0.0,0.0,0.0,0.0,0.0,294.9,1141.53,1641.5,0.0,0.0,0.0,206.03,0.0,0.0,0.0
140,CN7,4M,64,1,0.0,0.0,0.0,0.0,0.0,0.0,449.48,1775.66,2404.37,0.0,0.0,0.0,298.67,0.0,0.0,0.0
141,CN7,4M,64,2,0.0,0.0,0.0,0.0,0.0,0.0,363.95,1421.46,2199.1,0.0,0.0,0.0,274.98,0.0,0.0,0.0
142,CN7,4M,64,4,0.0,0.0,0.0,0.0,0.0,0.0,383.08,1504.66,2232.18,0.0,0.0,0.0,276.55,0.0,0.0,0.0
143,CN7,4M,64,8,0.0,0.0,0.0,0.0,0.0,0.0,362.78,1402.59,2172.51,0.0,0.0,0.0,270.12,0.0,0.0,0.0
144,CN7,4M,64,16,0.0,0.0,0.0,0.0,0.0,0.0,335.11,1327.53,2200.16,0.0,0.0,0.0,276.21,0.0,0.0,0.0
145,CN7,4M,64,32,0.0,0.0,0.0,0.0,0.0,0.0,361.79,1429.25,2381.82,0.0,0.0,0.0,298.69,0.0,0.0,0.0
146,CN7,4M,64,64,0.0,0.0,0.0,0.0,0.0,0.0,419.62,1660.42,2123.57,0.0,0.0,0.0,264.08,0.0,0.0,0.0
147,CN7,8M,1,1,0.0,0.0,0.0,0.0,0.0,0.0,123.11,878.39,158.34,0.0,0.0,0.0,23.22,0.0,0.0,0.0
148,CN7,8M,1,2,0.0,0.0,0.0,0.0,0.0,0.0,111.08,797.6,151.9,0.0,0.0,0.0,22.79,0.0,0.0,0.0
149,CN7,8M,1,4,0.0,0.0,0.0,0.0,0.0,0.0,124.04,885.17,147.34,0.0,0.0,0.0,22.1,0.0,0.0,0.0
150,CN7,8M,1,8,0.0,0.0,0.0,0.0,0.0,0.0,123.84,883.13,158.08,0.0,0.0,0.0,23.74,0.0,0.0,0.0
151,CN7,8M,1,16,0.0,0.0,0.0,0.0,0.0,0.0,114.45,819.2,166.56,0.0,0.0,0.0,24.78,0.0,0.0,0.0
152,CN7,8M,1,32,0.0,0.0,0.0,0.0,0.0,0.0,123.33,882.39,155.47,0.0,0.0,0.0,23.69,0.0,0.0,0.0
153,CN7,8M,1,64,0.0,0.0,0.0,0.0,0.0,0.0,122.07,868.2,164.62,0.0,0.0,0.0,24.46,0.0,0.0,0.0
154,CN7,8M,2,1,0.0,0.0,0.0,0.0,0.0,0.0,72.6,560.16,273.05,0.0,0.0,0.0,37.52,0.0,0.0,0.0
155,CN7,8M,2,2,0.0,0.0,0.0,0.0,0.0,0.0,71.98,554.84,274.33,0.0,0.0,0.0,37.52,0.0,0.0,0.0
156,CN7,8M,2,4,0.0,0.0,0.0,0.0,0.0,0.0,73.01,563.15,296.61,0.0,0.0,0.0,40.61,0.0,0.0,0.0
157,CN7,8M,2,8,0.0,0.0,0.0,0.0,0.0,0.0,73.06,563.53,296.26,0.0,0.0,0.0,40.59,0.0,0.0,0.0
158,CN7,8M,2,16,0.0,0.0,0.0,0.0,0.0,0.0,72.57,559.83,320.15,0.0,0.0,0.0,43.69,0.0,0.0,0.0
159,CN7,8M,2,32,0.0,0.0,0.0,0.0,0.0,0.0,71.78,553.23,319.82,0.0,0.0,0.0,43.67,0.0,0.0,0.0
160,CN7,8M,2,64,0.0,0.0,0.0,0.0,0.0,0.0,71.61,551.67,271.35,0.0,0.0,0.0,37.14,0.0,0.0,0.0
161,CN7,8M,4,1,0.0,0.0,0.0,0.0,0.0,0.0,131.56,1017.55,383.91,0.0,0.0,0.0,51.3,0.0,0.0,0.0
162,CN7,8M,4,2,0.0,0.0,0.0,0.0,0.0,0.0,128.75,998.21,356.98,0.0,0.0,0.0,47.77,0.0,0.0,0.0
163,CN7,8M,4,4,0.0,0.0,0.0,0.0,0.0,0.0,126.95,983.13,357.08,0.0,0.0,0.0,47.63,0.0,0.0,0.0
164,CN7,8M,4,8,0.0,0.0,0.0,0.0,0.0,0.0,131.08,1015.09,296.89,0.0,0.0,0.0,39.65,0.0,0.0,0.0
165,CN7,8M,4,16,0.0,0.0,0.0,0.0,0.0,0.0,125.99,975.65,376.45,0.0,0.0,0.0,50.44,0.0,0.0,0.0
166,CN7,8M,4,32,0.0,0.0,0.0,0.0,0.0,0.0,134.08,1037.63,319.45,0.0,0.0,0.0,42.74,0.0,0.0,0.0
167,CN7,8M,4,64,0.0,0.0,0.0,0.0,0.0,0.0,129.99,1006.43,365.28,0.0,0.0,0.0,48.94,0.0,0.0,0.0
168,CN7,8M,8,1,0.0,0.0,0.0,0.0,0.0,0.0,200.28,1561.81,485.91,0.0,0.0,0.0,63.64,0.0,0.0,0.0
169,CN7,8M,8,2,0.0,0.0,0.0,0.0,0.0,0.0,197.28,1534.87,579.28,0.0,0.0,0.0,75.0,0.0,0.0,0.0
170,CN7,8M,8,4,0.0,0.0,0.0,0.0,0.0,0.0,205.77,1599.12,557.73,0.0,0.0,0.0,71.93,0.0,0.0,0.0
171,CN7,8M,8,8,0.0,0.0,0.0,0.0,0.0,0.0,203.04,1573.8,487.71,0.0,0.0,0.0,63.06,0.0,0.0,0.0
172,CN7,8M,8,16,0.0,0.0,0.0,0.0,0.0,0.0,195.49,1522.12,565.29,0.0,0.0,0.0,72.91,0.0,0.0,0.0
173,CN7,8M,8,32,0.0,0.0,0.0,0.0,0.0,0.0,185.92,1419.22,506.85,0.0,0.0,0.0,65.43,0.0,0.0,0.0
174,CN7,8M,8,64,0.0,0.0,0.0,0.0,0.0,0.0,218.13,1691.76,532.86,0.0,0.0,0.0,68.7,0.0,0.0,0.0
175,CN7,8M,16,1,0.0,0.0,0.0,0.0,0.0,0.0,225.1,1768.16,934.67,0.0,0.0,0.0,118.67,0.0,0.0,0.0
176,CN7,8M,16,2,0.0,0.0,0.0,0.0,0.0,0.0,227.17,1781.17,853.57,0.0,0.0,0.0,108.28,0.0,0.0,0.0
177,CN7,8M,16,4,0.0,0.0,0.0,0.0,0.0,0.0,227.7,1788.69,942.92,0.0,0.0,0.0,119.58,0.0,0.0,0.0
178,CN7,8M,16,8,0.0,0.0,0.0,0.0,0.0,0.0,223.92,1744.97,839.48,0.0,0.0,0.0,106.46,0.0,0.0,0.0
179,CN7,8M,16,16,0.0,0.0,0.0,0.0,0.0,0.0,229.17,1792.8,939.4,0.0,0.0,0.0,118.76,0.0,0.0,0.0
180,CN7,8M,16,32,0.0,0.0,0.0,0.0,0.0,0.0,224.1,1763.51,997.19,0.0,0.0,0.0,126.5,0.0,0.0,0.0
181,CN7,8M,16,64,0.0,0.0,0.0,0.0,0.0,0.0,221.05,1716.47,901.06,0.0,0.0,0.0,114.3,0.0,0.0,0.0
182,CN7,8M,32,1,0.0,0.0,0.0,0.0,0.0,0.0,240.35,1875.31,2304.09,0.0,0.0,0.0,288.35,0.0,0.0,0.0
183,CN7,8M,32,2,0.0,0.0,0.0,0.0,0.0,0.0,232.71,1803.85,2266.61,0.0,0.0,0.0,284.04,0.0,0.0,0.0
184,CN7,8M,32,4,0.0,0.0,0.0,0.0,0.0,0.0,219.07,1706.84,2467.21,0.0,0.0,0.0,309.42,0.0,0.0,0.0
185,CN7,8M,32,8,0.0,0.0,0.0,0.0,0.0,0.0,210.8,1656.66,2281.86,0.0,0.0,0.0,285.98,0.0,0.0,0.0
186,CN7,8M,32,16,0.0,0.0,0.0,0.0,0.0,0.0,256.78,2020.14,2304.03,0.0,0.0,0.0,288.75,0.0,0.0,0.0
187,CN7,8M,32,32,0.0,0.0,0.0,0.0,0.0,0.0,221.93,1757.84,2490.64,0.0,0.0,0.0,312.28,0.0,0.0,0.0
188,CN7,8M,32,64,0.0,0.0,0.0,0.0,0.0,0.0,247.28,1890.52,2281.42,0.0,0.0,0.0,285.36,0.0,0.0,0.0
189,CN7,8M,64,1,0.0,0.0,0.0,0.0,0.0,0.0,270.24,2088.87,2741.09,0.0,0.0,0.0,335.41,0.0,0.0,0.0
190,CN7,8M,64,2,0.0,0.0,0.0,0.0,0.0,0.0,284.32,2253.37,2763.32,0.0,0.0,0.0,345.23,0.0,0.0,0.0
191,CN7,8M,64,4,0.0,0.0,0.0,0.0,0.0,0.0,261.74,2062.46,2899.82,0.0,0.0,0.0,357.91,0.0,0.0,0.0
192,CN7,8M,64,8,0.0,0.0,0.0,0.0,0.0,0.0,256.09,2026.52,3186.98,0.0,0.0,0.0,398.97,0.0,0.0,0.0
193,CN7,8M,64,16,0.0,0.0,0.0,0.0,0.0,0.0,292.76,2333.58,3166.01,0.0,0.0,0.0,392.26,0.0,0.0,0.0
194,CN7,8M,64,32,0.0,0.0,0.0,0.0,0.0,0.0,294.75,2346.02,2979.19,0.0,0.0,0.0,369.71,0.0,0.0,0.0
195,CN7,8M,64,64,0.0,0.0,0.0,0.0,0.0,0.0,277.11,2130.0,3077.44,0.0,0.0,0.0,383.05,0.0,0.0,0.0
196,CN7,16M,1,1,0.0,0.0,0.0,0.0,0.0,0.0,62.41,937.08,227.99,0.0,0.0,0.0,30.95,0.0,0.0,0.0
197,CN7,16M,1,2,0.0,0.0,0.0,0.0,0.0,0.0,59.67,904.12,211.01,0.0,0.0,0.0,29.08,0.0,0.0,0.0
198,CN7,16M,1,4,0.0,0.0,0.0,0.0,0.0,0.0,62.01,935.01,191.1,0.0,0.0,0.0,26.65,0.0,0.0,0.0
199,CN7,16M,1,8,0.0,0.0,0.0,0.0,0.0,0.0,63.98,965.06,202.02,0.0,0.0,0.0,28.22,0.0,0.0,0.0
200,CN7,16M,1,16,0.0,0.0,0.0,0.0,0.0,0.0,64.81,975.19,170.37,0.0,0.0,0.0,23.96,0.0,0.0,0.0
201,CN7,16M,1,32,0.0,0.0,0.0,0.0,0.0,0.0,62.42,941.54,201.06,0.0,0.0,0.0,28.05,0.0,0.0,0.0
202,CN7,16M,1,64,0.0,0.0,0.0,0.0,0.0,0.0,58.92,891.54,163.24,0.0,0.0,0.0,22.87,0.0,0.0,0.0
203,CN7,16M,2,1,0.0,0.0,0.0,0.0,0.0,0.0,40.42,633.68,394.52,0.0,0.0,0.0,51.6,0.0,0.0,0.0
204,CN7,16M,2,2,0.0,0.0,0.0,0.0,0.0,0.0,40.61,636.2,418.07,0.0,0.0,0.0,54.43,0.0,0.0,0.0
205,CN7,16M,2,4,0.0,0.0,0.0,0.0,0.0,0.0,39.14,613.97,361.97,0.0,0.0,0.0,47.03,0.0,0.0,0.0
206,CN7,16M,2,8,0.0,0.0,0.0,0.0,0.0,0.0,39.43,618.29,412.82,0.0,0.0,0.0,53.74,0.0,0.0,0.0
207,CN7,16M,2,16,0.0,0.0,0.0,0.0,0.0,0.0,40.91,641.3,406.96,0.0,0.0,0.0,53.06,0.0,0.0,0.0
208,CN7,16M,2,32,0.0,0.0,0.0,0.0,0.0,0.0,40.45,634.48,370.79,0.0,0.0,0.0,48.27,0.0,0.0,0.0
209,CN7,16M,2,64,0.0,0.0,0.0,0.0,0.0,0.0,41.35,647.84,414.55,0.0,0.0,0.0,53.97,0.0,0.0,0.0
210,CN7,16M,4,1,0.0,0.0,0.0,0.0,0.0,0.0,72.59,1141.68,588.26,0.0,0.0,0.0,75.41,0.0,0.0,0.0
211,CN7,16M,4,2,0.0,0.0,0.0,0.0,0.0,0.0,74.23,1166.92,572.57,0.0,0.0,0.0,73.31,0.0,0.0,0.0
212,CN7,16M,4,4,0.0,0.0,0.0,0.0,0.0,0.0,71.94,1130.78,539.85,0.0,0.0,0.0,69.19,0.0,0.0,0.0
213,CN7,16M,4,8,0.0,0.0,0.0,0.0,0.0,0.0,68.89,1083.78,604.4,0.0,0.0,0.0,77.3,0.0,0.0,0.0
214,CN7,16M,4,16,0.0,0.0,0.0,0.0,0.0,0.0,72.98,1146.76,618.47,0.0,0.0,0.0,78.95,0.0,0.0,0.0
215,CN7,16M,4,32,0.0,0.0,0.0,0.0,0.0,0.0,73.78,1158.38,586.21,0.0,0.0,0.0,74.69,0.0,0.0,0.0
216,CN7,16M,4,64,0.0,0.0,0.0,0.0,0.0,0.0,73.29,1150.34,549.54,0.0,0.0,0.0,70.62,0.0,0.0,0.0
217,CN7,16M,8,1,0.0,0.0,0.0,0.0,0.0,0.0,121.04,1883.04,800.51,0.0,0.0,0.0,101.56,0.0,0.0,0.0
218,CN7,16M,8,2,0.0,0.0,0.0,0.0,0.0,0.0,112.06,1758.16,798.17,0.0,0.0,0.0,100.94,0.0,0.0,0.0
219,CN7,16M,8,4,0.0,0.0,0.0,0.0,0.0,0.0,110.53,1744.43,868.42,0.0,0.0,0.0,109.71,0.0,0.0,0.0
220,CN7,16M,8,8,0.0,0.0,0.0,0.0,0.0,0.0,122.7,1933.5,843.09,0.0,0.0,0.0,106.87,0.0,0.0,0.0
221,CN7,16M,8,16,0.0,0.0,0.0,0.0,0.0,0.0,115.93,1804.68,878.42,0.0,0.0,0.0,111.12,0.0,0.0,0.0
222,CN7,16M,8,32,0.0,0.0,0.0,0.0,0.0,0.0,116.06,1830.61,861.91,0.0,0.0,0.0,109.02,0.0,0.0,0.0
223,CN7,16M,8,64,0.0,0.0,0.0,0.0,0.0,0.0,104.41,1648.78,854.02,0.0,0.0,0.0,108.02,0.0,0.0,0.0
224,CN7,16M,16,1,0.0,0.0,0.0,0.0,0.0,0.0,122.32,1942.99,1886.57,0.0,0.0,0.0,236.87,0.0,0.0,0.0
225,CN7,16M,16,2,0.0,0.0,0.0,0.0,0.0,0.0,119.13,1862.84,2035.27,0.0,0.0,0.0,255.18,0.0,0.0,0.0
226,CN7,16M,16,4,0.0,0.0,0.0,0.0,0.0,0.0,119.12,1885.27,2034.82,0.0,0.0,0.0,254.85,0.0,0.0,0.0
227,CN7,16M,16,8,0.0,0.0,0.0,0.0,0.0,0.0,122.8,1945.69,1633.64,0.0,0.0,0.0,204.9,0.0,0.0,0.0
228,CN7,16M,16,16,0.0,0.0,0.0,0.0,0.0,0.0,119.46,1897.4,2009.42,0.0,0.0,0.0,251.62,0.0,0.0,0.0
229,CN7,16M,16,32,0.0,0.0,0.0,0.0,0.0,0.0,120.54,1914.82,1919.5,0.0,0.0,0.0,240.79,0.0,0.0,0.0
230,CN7,16M,16,64,0.0,0.0,0.0,0.0,0.0,0.0,117.52,1837.89,1786.37,0.0,0.0,0.0,223.79,0.0,0.0,0.0
231,CN7,16M,32,1,0.0,0.0,0.0,0.0,0.0,0.0,147.58,2330.18,3521.82,0.0,0.0,0.0,439.96,0.0,0.0,0.0
232,CN7,16M,32,2,0.0,0.0,0.0,0.0,0.0,0.0,135.65,2132.68,3133.55,0.0,0.0,0.0,391.4,0.0,0.0,0.0
233,CN7,16M,32,4,0.0,0.0,0.0,0.0,0.0,0.0,138.9,2198.95,3465.55,0.0,0.0,0.0,433.02,0.0,0.0,0.0
234,CN7,16M,32,8,0.0,0.0,0.0,0.0,0.0,0.0,140.41,2186.13,3193.75,0.0,0.0,0.0,399.36,0.0,0.0,0.0
235,CN7,16M,32,16,0.0,0.0,0.0,0.0,0.0,0.0,136.68,2149.18,2996.4,0.0,0.0,0.0,374.82,0.0,0.0,0.0
236,CN7,16M,32,32,0.0,0.0,0.0,0.0,0.0,0.0,140.28,2183.06,3676.15,0.0,0.0,0.0,459.27,0.0,0.0,0.0
237,CN7,16M,32,64,0.0,0.0,0.0,0.0,0.0,0.0,122.59,1942.3,2943.57,0.0,0.0,0.0,367.81,0.0,0.0,0.0
238,CN7,16M,64,1,0.0,0.0,0.0,0.0,0.0,0.0,111.76,1786.31,3825.87,0.0,0.0,0.0,476.22,0.0,0.0,0.0
239,CN7,16M,64,2,0.0,0.0,0.0,0.0,0.0,0.0,127.97,2042.99,3990.24,0.0,0.0,0.0,497.71,0.0,0.0,0.0
240,CN7,16M,64,4,0.0,0.0,0.0,0.0,0.0,0.0,157.64,2513.84,4113.83,0.0,0.0,0.0,510.32,0.0,0.0,0.0
241,CN7,16M,64,8,0.0,0.0,0.0,0.0,0.0,0.0,147.72,2351.58,4179.1,0.0,0.0,0.0,518.48,0.0,0.0,0.0
242,CN7,16M,64,16,0.0,0.0,0.0,0.0,0.0,0.0,116.78,1861.9,3841.01,0.0,0.0,0.0,475.51,0.0,0.0,0.0
243,CN7,16M,64,32,0.0,0.0,0.0,0.0,0.0,0.0,159.1,2542.91,4037.89,0.0,0.0,0.0,502.66,0.0,0.0,0.0
244,CN7,16M,64,64,0.0,0.0,0.0,0.0,0.0,0.0,125.53,1989.51,3752.07,0.0,0.0,0.0,463.84,0.0,0.0,0.0
245,CN7,32M,1,1,0.0,0.0,0.0,0.0,0.0,0.0,33.02,1022.22,291.7,0.0,0.0,0.0,37.96,0.0,0.0,0.0
246,CN7,32M,1,2,0.0,0.0,0.0,0.0,0.0,0.0,32.37,1002.52,253.49,0.0,0.0,0.0,33.45,0.0,0.0,0.0
247,CN7,32M,1,4,0.0,0.0,0.0,0.0,0.0,0.0,30.58,947.96,311.26,0.0,0.0,0.0,41.07,0.0,0.0,0.0
248,CN7,32M,1,8,0.0,0.0,0.0,0.0,0.0,0.0,33.23,1029.24,296.54,0.0,0.0,0.0,39.45,0.0,0.0,0.0
249,CN7,32M,1,16,0.0,0.0,0.0,0.0,0.0,0.0,32.52,1007.76,273.61,0.0,0.0,0.0,36.17,0.0,0.0,0.0
250,CN7,32M,1,32,0.0,0.0,0.0,0.0,0.0,0.0,31.18,967.16,257.2,0.0,0.0,0.0,33.93,0.0,0.0,0.0
251,CN7,32M,1,64,0.0,0.0,0.0,0.0,0.0,0.0,32.34,1002.97,270.26,0.0,0.0,0.0,35.5,0.0,0.0,0.0
252,CN7,32M,2,1,0.0,0.0,0.0,0.0,0.0,0.0,22.59,714.53,653.98,0.0,0.0,0.0,83.25,0.0,0.0,0.0
253,CN7,32M,2,2,0.0,0.0,0.0,0.0,0.0,0.0,21.69,686.6,706.73,0.0,0.0,0.0,89.62,0.0,0.0,0.0
254,CN7,32M,2,4,0.0,0.0,0.0,0.0,0.0,0.0,22.88,723.75,684.39,0.0,0.0,0.0,86.95,0.0,0.0,0.0
255,CN7,32M,2,8,0.0,0.0,0.0,0.0,0.0,0.0,21.94,693.94,690.84,0.0,0.0,0.0,87.74,0.0,0.0,0.0
256,CN7,32M,2,16,0.0,0.0,0.0,0.0,0.0,0.0,23.13,731.64,698.23,0.0,0.0,0.0,88.53,0.0,0.0,0.0
257,CN7,32M,2,32,0.0,0.0,0.0,0.0,0.0,0.0,22.19,701.99,650.25,0.0,0.0,0.0,82.55,0.0,0.0,0.0
258,CN7,32M,2,64,0.0,0.0,0.0,0.0,0.0,0.0,22.06,698.08,686.47,0.0,0.0,0.0,87.18,0.0,0.0,0.0
259,CN7,32M,4,1,0.0,0.0,0.0,0.0,0.0,0.0,39.44,1248.22,1094.09,0.0,0.0,0.0,137.84,0.0,0.0,0.0
260,CN7,32M,4,2,0.0,0.0,0.0,0.0,0.0,0.0,40.55,1284.57,1054.61,0.0,0.0,0.0,132.78,0.0,0.0,0.0
261,CN7,32M,4,4,0.0,0.0,0.0,0.0,0.0,0.0,39.47,1250.09,1041.99,0.0,0.0,0.0,131.2,0.0,0.0,0.0
262,CN7,32M,4,8,0.0,0.0,0.0,0.0,0.0,0.0,38.23,1211.34,1058.1,0.0,0.0,0.0,133.31,0.0,0.0,0.0
263,CN7,32M,4,16,0.0,0.0,0.0,0.0,0.0,0.0,37.08,1175.05,1070.08,0.0,0.0,0.0,134.91,0.0,0.0,0.0
264,CN7,32M,4,32,0.0,0.0,0.0,0.0,0.0,0.0,39.85,1262.04,1075.06,0.0,0.0,0.0,135.71,0.0,0.0,0.0
265,CN7,32M,4,64,0.0,0.0,0.0,0.0,0.0,0.0,39.8,1260.2,1022.9,0.0,0.0,0.0,128.95,0.0,0.0,0.0
266,CN7,32M,8,1,0.0,0.0,0.0,0.0,0.0,0.0,61.78,1959.95,1648.52,0.0,0.0,0.0,206.88,0.0,0.0,0.0
267,CN7,32M,8,2,0.0,0.0,0.0,0.0,0.0,0.0,58.75,1866.0,1769.11,0.0,0.0,0.0,221.75,0.0,0.0,0.0
268,CN7,32M,8,4,0.0,0.0,0.0,0.0,0.0,0.0,59.12,1874.54,1466.76,0.0,0.0,0.0,184.05,0.0,0.0,0.0
269,CN7,32M,8,8,0.0,0.0,0.0,0.0,0.0,0.0,60.58,1921.96,1678.02,0.0,0.0,0.0,210.61,0.0,0.0,0.0
270,CN7,32M,8,16,0.0,0.0,0.0,0.0,0.0,0.0,56.99,1810.38,1837.19,0.0,0.0,0.0,230.51,0.0,0.0,0.0
271,CN7,32M,8,32,0.0,0.0,0.0,0.0,0.0,0.0,62.58,1984.95,1791.59,0.0,0.0,0.0,224.8,0.0,0.0,0.0
272,CN7,32M,8,64,0.0,0.0,0.0,0.0,0.0,0.0,62.35,1979.43,1736.37,0.0,0.0,0.0,217.91,0.0,0.0,0.0
273,CN7,32M,16,1,0.0,0.0,0.0,0.0,0.0,0.0,65.23,2074.96,3647.58,0.0,0.0,0.0,456.19,0.0,0.0,0.0
274,CN7,32M,16,2,0.0,0.0,0.0,0.0,0.0,0.0,64.29,2047.61,3687.33,0.0,0.0,0.0,461.19,0.0,0.0,0.0
275,CN7,32M,16,4,0.0,0.0,0.0,0.0,0.0,0.0,65.07,2073.88,3324.58,0.0,0.0,0.0,415.88,0.0,0.0,0.0
276,CN7,32M,16,8,0.0,0.0,0.0,0.0,0.0,0.0,62.9,1999.71,3708.09,0.0,0.0,0.0,463.8,0.0,0.0,0.0
277,CN7,32M,16,16,0.0,0.0,0.0,0.0,0.0,0.0,65.7,2087.31,3501.79,0.0,0.0,0.0,437.99,0.0,0.0,0.0
278,CN7,32M,16,32,0.0,0.0,0.0,0.0,0.0,0.0,64.03,2034.82,3469.58,0.0,0.0,0.0,433.96,0.0,0.0,0.0
279,CN7,32M,16,64,0.0,0.0,0.0,0.0,0.0,0.0,64.35,2049.54,3494.62,0.0,0.0,0.0,437.04,0.0,0.0,0.0
280,CN7,32M,32,1,0.0,0.0,0.0,0.0,0.0,0.0,80.22,2535.47,4890.09,0.0,0.0,0.0,611.14,0.0,0.0,0.0
281,CN7,32M,32,2,0.0,0.0,0.0,0.0,0.0,0.0,81.54,2577.22,4270.01,0.0,0.0,0.0,533.6,0.0,0.0,0.0
282,CN7,32M,32,4,0.0,0.0,0.0,0.0,0.0,0.0,80.66,2563.18,4583.46,0.0,0.0,0.0,572.61,0.0,0.0,0.0
283,CN7,32M,32,8,0.0,0.0,0.0,0.0,0.0,0.0,56.47,1803.2,4893.61,0.0,0.0,0.0,610.48,0.0,0.0,0.0
284,CN7,32M,32,16,0.0,0.0,0.0,0.0,0.0,0.0,73.83,2347.85,4310.24,0.0,0.0,0.0,538.44,0.0,0.0,0.0
285,CN7,32M,32,32,0.0,0.0,0.0,0.0,0.0,0.0,63.14,2008.68,4590.63,0.0,0.0,0.0,573.62,0.0,0.0,0.0
286,CN7,32M,32,64,0.0,0.0,0.0,0.0,0.0,0.0,54.75,1748.09,4672.24,0.0,0.0,0.0,583.81,0.0,0.0,0.0
287,CN7,32M,64,1,0.0,0.0,0.0,0.0,0.0,0.0,38.38,1225.48,5680.68,0.0,0.0,0.0,709.44,0.0,0.0,0.0
288,CN7,32M,64,2,0.0,0.0,0.0,0.0,0.0,0.0,33.74,1077.24,5706.2,0.0,0.0,0.0,712.65,0.0,0.0,0.0
289,CN7,32M,64,4,0.0,0.0,0.0,0.0,0.0,0.0,33.36,1067.38,5574.59,0.0,0.0,0.0,696.04,0.0,0.0,0.0
290,CN7,32M,64,8,0.0,0.0,0.0,0.0,0.0,0.0,33.9,1084.53,5510.28,0.0,0.0,0.0,688.14,0.0,0.0,0.0
291,CN7,32M,64,16,0.0,0.0,0.0,0.0,0.0,0.0,33.29,1064.42,5829.55,0.0,0.0,0.0,727.49,0.0,0.0,0.0
292,CN7,32M,64,32,0.0,0.0,0.0,0.0,0.0,0.0,36.13,1155.98,5919.32,0.0,0.0,0.0,737.96,0.0,0.0,0.0
293,CN7,32M,64,64,0.0,0.0,0.0,0.0,0.0,0.0,32.33,1033.56,5581.25,0.0,0.0,0.0,697.02,0.0,0.0,0.0
294,CN7,64M,1,1,0.0,0.0,0.0,0.0,0.0,0.0,18.25,1146.14,467.22,0.0,0.0,0.0,59.31,0.0,0.0,0.0
295,CN7,64M,1,2,0.0,0.0,0.0,0.0,0.0,0.0,17.49,1099.65,487.06,0.0,0.0,0.0,62.24,0.0,0.0,0.0
296,CN7,64M,1,4,0.0,0.0,0.0,0.0,0.0,0.0,18.42,1158.22,485.3,0.0,0.0,0.0,61.95,0.0,0.0,0.0
297,CN7,64M,1,8,0.0,0.0,0.0,0.0,0.0,0.0,18.19,1142.95,462.48,0.0,0.0,0.0,59.07,0.0,0.0,0.0
298,CN7,64M,1,16,0.0,0.0,0.0,0.0,0.0,0.0,18.24,1147.13,491.19,0.0,0.0,0.0,62.74,0.0,0.0,0.0
299,CN7,64M,1,32,0.0,0.0,0.0,0.0,0.0,0.0,18.66,1173.02,487.83,0.0,0.0,0.0,61.92,0.0,0.0,0.0
300,CN7,64M,1,64,0.0,0.0,0.0,0.0,0.0,0.0,17.59,1106.04,460.47,0.0,0.0,0.0,58.68,0.0,0.0,0.0
301,CN7,64M,2,1,0.0,0.0,0.0,0.0,0.0,0.0,11.73,746.67,1484.03,0.0,0.0,0.0,186.42,0.0,0.0,0.0
302,CN7,64M,2,2,0.0,0.0,0.0,0.0,0.0,0.0,12.14,772.12,1401.29,0.0,0.0,0.0,175.48,0.0,0.0,0.0
303,CN7,64M,2,4,0.0,0.0,0.0,0.0,0.0,0.0,11.81,751.59,1418.12,0.0,0.0,0.0,177.74,0.0,0.0,0.0
304,CN7,64M,2,8,0.0,0.0,0.0,0.0,0.0,0.0,11.94,759.81,1489.08,0.0,0.0,0.0,186.95,0.0,0.0,0.0
305,CN7,64M,2,16,0.0,0.0,0.0,0.0,0.0,0.0,11.91,757.9,1478.04,0.0,0.0,0.0,185.34,0.0,0.0,0.0
306,CN7,64M,2,32,0.0,0.0,0.0,0.0,0.0,0.0,12.07,768.01,1385.02,0.0,0.0,0.0,173.72,0.0,0.0,0.0
307,CN7,64M,2,64,0.0,0.0,0.0,0.0,0.0,0.0,12.01,763.57,1405.51,0.0,0.0,0.0,176.33,0.0,0.0,0.0
308,CN7,64M,4,1,0.0,0.0,0.0,0.0,0.0,0.0,20.35,1295.62,1944.41,0.0,0.0,0.0,243.93,0.0,0.0,0.0
309,CN7,64M,4,2,0.0,0.0,0.0,0.0,0.0,0.0,20.48,1304.13,1921.74,0.0,0.0,0.0,240.74,0.0,0.0,0.0
310,CN7,64M,4,4,0.0,0.0,0.0,0.0,0.0,0.0,20.86,1328.21,1998.13,0.0,0.0,0.0,250.42,0.0,0.0,0.0
311,CN7,64M,4,8,0.0,0.0,0.0,0.0,0.0,0.0,20.45,1301.95,2025.06,0.0,0.0,0.0,253.62,0.0,0.0,0.0
312,CN7,64M,4,16,0.0,0.0,0.0,0.0,0.0,0.0,19.83,1262.99,1835.18,0.0,0.0,0.0,230.17,0.0,0.0,0.0
313,CN7,64M,4,32,0.0,0.0,0.0,0.0,0.0,0.0,21.32,1357.55,1877.38,0.0,0.0,0.0,235.36,0.0,0.0,0.0
314,CN7,64M,4,64,0.0,0.0,0.0,0.0,0.0,0.0,20.23,1287.9,1776.37,0.0,0.0,0.0,222.65,0.0,0.0,0.0
315,CN7,64M,8,1,0.0,0.0,0.0,0.0,0.0,0.0,30.02,1914.21,3635.18,0.0,0.0,0.0,454.48,0.0,0.0,0.0
316,CN7,64M,8,2,0.0,0.0,0.0,0.0,0.0,0.0,28.31,1805.35,4039.14,0.0,0.0,0.0,505.15,0.0,0.0,0.0
317,CN7,64M,8,4,0.0,0.0,0.0,0.0,0.0,0.0,31.45,2005.22,4054.39,0.0,0.0,0.0,507.03,0.0,0.0,0.0
318,CN7,64M,8,8,0.0,0.0,0.0,0.0,0.0,0.0,30.25,1928.28,3650.73,0.0,0.0,0.0,456.36,0.0,0.0,0.0
319,CN7,64M,8,16,0.0,0.0,0.0,0.0,0.0,0.0,30.87,1968.09,3640.66,0.0,0.0,0.0,455.12,0.0,0.0,0.0
320,CN7,64M,8,32,0.0,0.0,0.0,0.0,0.0,0.0,30.37,1936.76,3469.52,0.0,0.0,0.0,433.98,0.0,0.0,0.0
321,CN7,64M,8,64,0.0,0.0,0.0,0.0,0.0,0.0,29.45,1877.02,3892.79,0.0,0.0,0.0,486.59,0.0,0.0,0.0
322,CN7,64M,16,1,0.0,0.0,0.0,0.0,0.0,0.0,27.36,1747.48,5501.81,0.0,0.0,0.0,687.25,0.0,0.0,0.0
323,CN7,64M,16,2,0.0,0.0,0.0,0.0,0.0,0.0,22.85,1460.0,5428.95,0.0,0.0,0.0,678.4,0.0,0.0,0.0
324,CN7,64M,16,4,0.0,0.0,0.0,0.0,0.0,0.0,25.18,1608.12,5647.92,0.0,0.0,0.0,705.6,0.0,0.0,0.0
325,CN7,64M,16,8,0.0,0.0,0.0,0.0,0.0,0.0,22.48,1436.56,5133.91,0.0,0.0,0.0,641.43,0.0,0.0,0.0
326,CN7,64M,16,16,0.0,0.0,0.0,0.0,0.0,0.0,18.17,1160.69,6210.18,0.0,0.0,0.0,775.83,0.0,0.0,0.0
327,CN7,64M,16,32,0.0,0.0,0.0,0.0,0.0,0.0,24.36,1556.74,5402.83,0.0,0.0,0.0,674.93,0.0,0.0,0.0
328,CN7,64M,16,64,0.0,0.0,0.0,0.0,0.0,0.0,26.79,1711.61,5353.62,0.0,0.0,0.0,669.09,0.0,0.0,0.0
329,CN7,64M,32,1,0.0,0.0,0.0,0.0,0.0,0.0,19.47,1244.91,6666.81,0.0,0.0,0.0,832.53,0.0,0.0,0.0
330,CN7,64M,32,2,0.0,0.0,0.0,0.0,0.0,0.0,15.76,1007.93,6727.05,0.0,0.0,0.0,840.19,0.0,0.0,0.0
331,CN7,64M,32,4,0.0,0.0,0.0,0.0,0.0,0.0,16.36,1046.24,6969.59,0.0,0.0,0.0,870.38,0.0,0.0,0.0
332,CN7,64M,32,8,0.0,0.0,0.0,0.0,0.0,0.0,20.08,1283.86,6939.02,0.0,0.0,0.0,866.62,0.0,0.0,0.0
333,CN7,64M,32,16,0.0,0.0,0.0,0.0,0.0,0.0,16.59,1061.52,6730.01,0.0,0.0,0.0,840.59,0.0,0.0,0.0
334,CN7,64M,32,32,0.0,0.0,0.0,0.0,0.0,0.0,16.03,1024.95,7094.1,0.0,0.0,0.0,885.88,0.0,0.0,0.0
335,CN7,64M,32,64,0.0,0.0,0.0,0.0,0.0,0.0,16.04,1025.42,6996.68,0.0,0.0,0.0,873.82,0.0,0.0,0.0
336,CN7,64M,64,1,0.0,0.0,0.0,0.0,0.0,0.0,10.35,662.59,8363.81,0.0,0.0,0.0,1044.38,0.0,0.0,0.0
337,CN7,64M,64,2,0.0,0.0,0.0,0.0,0.0,0.0,10.49,670.79,8093.49,0.0,0.0,0.0,1010.57,0.0,0.0,0.0
338,CN7,64M,64,4,0.0,0.0,0.0,0.0,0.0,0.0,10.8,690.97,8296.69,0.0,0.0,0.0,1035.86,0.0,0.0,0.0
339,CN7,64M,64,8,0.0,0.0,0.0,0.0,0.0,0.0,10.42,666.84,8220.91,0.0,0.0,0.0,1026.5,0.0,0.0,0.0
340,CN7,64M,64,16,0.0,0.0,0.0,0.0,0.0,0.0,10.61,679.31,8266.75,0.0,0.0,0.0,1032.24,0.0,0.0,0.0
341,CN7,64M,64,32,0.0,0.0,0.0,0.0,0.0,0.0,10.51,672.72,8141.19,0.0,0.0,0.0,1016.52,0.0,0.0,0.0
342,CN7,64M,64,64,0.0,0.0,0.0,0.0,0.0,0.0,10.28,658.19,8539.96,0.0,0.0,0.0,1066.35,0.0,0.0,0.0
343,CN7,128M,1,1,0.0,0.0,0.0,0.0,0.0,0.0,10.54,1335.54,1058.82,0.0,0.0,0.0,132.81,0.0,0.0,0.0
344,CN7,128M,1,2,0.0,0.0,0.0,0.0,0.0,0.0,10.87,1375.77,1045.76,0.0,0.0,0.0,131.34,0.0,0.0,0.0
345,CN7,128M,1,4,0.0,0.0,0.0,0.0,0.0,0.0,10.83,1371.08,1004.04,0.0,0.0,0.0,126.1,0.0,0.0,0.0
346,CN7,128M,1,8,0.0,0.0,0.0,0.0,0.0,0.0,10.86,1375.78,1038.99,0.0,0.0,0.0,130.47,0.0,0.0,0.0
347,CN7,128M,1,16,0.0,0.0,0.0,0.0,0.0,0.0,10.82,1369.86,1035.68,0.0,0.0,0.0,129.9,0.0,0.0,0.0
348,CN7,128M,1,32,0.0,0.0,0.0,0.0,0.0,0.0,10.34,1309.83,1011.23,0.0,0.0,0.0,127.11,0.0,0.0,0.0
349,CN7,128M,1,64,0.0,0.0,0.0,0.0,0.0,0.0,10.95,1387.72,996.85,0.0,0.0,0.0,125.24,0.0,0.0,0.0
350,CN7,128M,2,1,0.0,0.0,0.0,0.0,0.0,0.0,7.02,894.82,2987.6,0.0,0.0,0.0,373.44,0.0,0.0,0.0
351,CN7,128M,2,2,0.0,0.0,0.0,0.0,0.0,0.0,7.08,902.58,2795.74,0.0,0.0,0.0,349.59,0.0,0.0,0.0
352,CN7,128M,2,4,0.0,0.0,0.0,0.0,0.0,0.0,7.06,900.04,2788.31,0.0,0.0,0.0,348.65,0.0,0.0,0.0
353,CN7,128M,2,8,0.0,0.0,0.0,0.0,0.0,0.0,7.03,896.59,2856.78,0.0,0.0,0.0,357.22,0.0,0.0,0.0
354,CN7,128M,2,16,0.0,0.0,0.0,0.0,0.0,0.0,6.94,885.82,3145.25,0.0,0.0,0.0,393.24,0.0,0.0,0.0
355,CN7,128M,2,32,0.0,0.0,0.0,0.0,0.0,0.0,7.05,899.18,3014.63,0.0,0.0,0.0,377.09,0.0,0.0,0.0
356,CN7,128M,2,64,0.0,0.0,0.0,0.0,0.0,0.0,6.88,877.41,2771.19,0.0,0.0,0.0,346.4,0.0,0.0,0.0
357,CN7,128M,4,1,0.0,0.0,0.0,0.0,0.0,0.0,11.25,1435.65,3271.35,0.0,0.0,0.0,408.73,0.0,0.0,0.0
358,CN7,128M,4,2,0.0,0.0,0.0,0.0,0.0,0.0,11.62,1482.16,3551.46,0.0,0.0,0.0,443.94,0.0,0.0,0.0
359,CN7,128M,4,4,0.0,0.0,0.0,0.0,0.0,0.0,11.38,1451.84,3537.26,0.0,0.0,0.0,442.16,0.0,0.0,0.0
360,CN7,128M,4,8,0.0,0.0,0.0,0.0,0.0,0.0,11.47,1463.88,3639.13,0.0,0.0,0.0,454.85,0.0,0.0,0.0
361,CN7,128M,4,16,0.0,0.0,0.0,0.0,0.0,0.0,11.36,1449.76,3736.45,0.0,0.0,0.0,467.04,0.0,0.0,0.0
362,CN7,128M,4,32,0.0,0.0,0.0,0.0,0.0,0.0,11.19,1428.2,3706.14,0.0,0.0,0.0,463.07,0.0,0.0,0.0
363,CN7,128M,4,64,0.0,0.0,0.0,0.0,0.0,0.0,11.17,1425.33,3743.54,0.0,0.0,0.0,467.68,0.0,0.0,0.0
364,CN7,128M,8,1,0.0,0.0,0.0,0.0,0.0,0.0,11.82,1510.59,5246.45,0.0,0.0,0.0,655.55,0.0,0.0,0.0
365,CN7,128M,8,2,0.0,0.0,0.0,0.0,0.0,0.0,11.6,1481.51,5130.52,0.0,0.0,0.0,641.07,0.0,0.0,0.0
366,CN7,128M,8,4,0.0,0.0,0.0,0.0,0.0,0.0,10.94,1398.99,4892.9,0.0,0.0,0.0,611.16,0.0,0.0,0.0
367,CN7,128M,8,8,0.0,0.0,0.0,0.0,0.0,0.0,11.31,1445.53,5641.43,0.0,0.0,0.0,704.73,0.0,0.0,0.0
368,CN7,128M,8,16,0.0,0.0,0.0,0.0,0.0,0.0,11.71,1496.6,5612.42,0.0,0.0,0.0,701.26,0.0,0.0,0.0
369,CN7,128M,8,32,0.0,0.0,0.0,0.0,0.0,0.0,11.15,1425.2,5119.94,0.0,0.0,0.0,639.49,0.0,0.0,0.0
370,CN7,128M,8,64,0.0,0.0,0.0,0.0,0.0,0.0,11.38,1454.47,5369.33,0.0,0.0,0.0,670.69,0.0,0.0,0.0
371,CN7,128M,16,1,0.0,0.0,0.0,0.0,0.0,0.0,7.43,950.93,7277.13,0.0,0.0,0.0,908.78,0.0,0.0,0.0
372,CN7,128M,16,2,0.0,0.0,0.0,0.0,0.0,0.0,7.93,1014.25,6449.66,0.0,0.0,0.0,805.35,0.0,0.0,0.0
373,CN7,128M,16,4,0.0,0.0,0.0,0.0,0.0,0.0,7.78,995.9,8260.2,0.0,0.0,0.0,1031.54,0.0,0.0,0.0
374,CN7,128M,16,8,0.0,0.0,0.0,0.0,0.0,0.0,7.84,1003.4,7863.07,0.0,0.0,0.0,982.03,0.0,0.0,0.0
375,CN7,128M,16,16,0.0,0.0,0.0,0.0,0.0,0.0,7.44,952.0,8019.63,0.0,0.0,0.0,1001.53,0.0,0.0,0.0
376,CN7,128M,16,32,0.0,0.0,0.0,0.0,0.0,0.0,7.85,1004.16,8228.56,0.0,0.0,0.0,1027.85,0.0,0.0,0.0
377,CN7,128M,16,64,0.0,0.0,0.0,0.0,0.0,0.0,7.87,1006.58,7532.86,0.0,0.0,0.0,940.8,0.0,0.0,0.0
378,CN7,128M,32,1,0.0,0.0,0.0,0.0,0.0,0.0,6.03,771.8,9828.02,0.0,0.0,0.0,1227.25,0.0,0.0,0.0
379,CN7,128M,32,2,0.0,0.0,0.0,0.0,0.0,0.0,5.71,730.35,10103.71,0.0,0.0,0.0,1261.62,0.0,0.0,0.0
380,CN7,128M,32,4,0.0,0.0,0.0,0.0,0.0,0.0,5.82,744.43,9750.28,0.0,0.0,0.0,1217.56,0.0,0.0,0.0
381,CN7,128M,32,8,0.0,0.0,0.0,0.0,0.0,0.0,5.97,763.63,9759.88,0.0,0.0,0.0,1218.72,0.0,0.0,0.0
382,CN7,128M,32,16,0.0,0.0,0.0,0.0,0.0,0.0,5.99,766.62,9839.12,0.0,0.0,0.0,1228.51,0.0,0.0,0.0
383,CN7,128M,32,32,0.0,0.0,0.0,0.0,0.0,0.0,5.83,746.69,9926.92,0.0,0.0,0.0,1239.56,0.0,0.0,0.0
384,CN7,128M,32,64,0.0,0.0,0.0,0.0,0.0,0.0,5.76,737.37,9908.19,0.0,0.0,0.0,1237.31,0.0,0.0,0.0
385,CN7,128M,64,1,0.0,0.0,0.0,0.0,0.0,0.0,3.86,493.74,11669.3,0.0,0.0,0.0,1457.1,0.0,0.0,0.0
386,CN7,128M,64,2,0.0,0.0,0.0,0.0,0.0,0.0,3.86,494.77,11926.04,0.0,0.0,0.0,1489.1,0.0,0.0,0.0
387,CN7,128M,64,4,0.0,0.0,0.0,0.0,0.0,0.0,3.81,487.58,11621.03,0.0,0.0,0.0,1451.05,0.0,0.0,0.0
388,CN7,128M,64,8,0.0,0.0,0.0,0.0,0.0,0.0,3.82,488.96,11679.64,0.0,0.0,0.0,1458.4,0.0,0.0,0.0
389,CN7,128M,64,16,0.0,0.0,0.0,0.0,0.0,0.0,3.85,492.71,11650.18,0.0,0.0,0.0,1454.66,0.0,0.0,0.0
390,CN7,128M,64,32,0.0,0.0,0.0,0.0,0.0,0.0,3.84,491.38,11871.19,0.0,0.0,0.0,1482.27,0.0,0.0,0.0
391,CN7,128M,64,64,0.0,0.0,0.0,0.0,0.0,0.0,3.88,496.45,11779.39,0.0,0.0,0.0,1470.83,0.0,0.0,0.0
392,CN7,256M,1,1,0.0,0.0,0.0,0.0,0.0,0.0,5.56,1415.92,2216.72,0.0,0.0,0.0,277.34,0.0,0.0,0.0
393,CN7,256M,1,2,0.0,0.0,0.0,0.0,0.0,0.0,5.97,1519.09,2109.59,0.0,0.0,0.0,263.76,0.0,0.0,0.0
394,CN7,256M,1,4,0.0,0.0,0.0,0.0,0.0,0.0,5.83,1484.52,2360.66,0.0,0.0,0.0,295.06,0.0,0.0,0.0
395,CN7,256M,1,8,0.0,0.0,0.0,0.0,0.0,0.0,5.83,1483.98,2467.91,0.0,0.0,0.0,308.44,0.0,0.0,0.0
396,CN7,256M,1,16,0.0,0.0,0.0,0.0,0.0,0.0,5.34,1359.41,2397.46,0.0,0.0,0.0,299.91,0.0,0.0,0.0
397,CN7,256M,1,32,0.0,0.0,0.0,0.0,0.0,0.0,5.67,1442.47,2499.29,0.0,0.0,0.0,312.56,0.0,0.0,0.0
398,CN7,256M,1,64,0.0,0.0,0.0,0.0,0.0,0.0,5.82,1482.34,2317.91,0.0,0.0,0.0,289.82,0.0,0.0,0.0
399,CN7,256M,2,1,0.0,0.0,0.0,0.0,0.0,0.0,3.98,1017.02,4457.02,0.0,0.0,0.0,556.73,0.0,0.0,0.0
400,CN7,256M,2,2,0.0,0.0,0.0,0.0,0.0,0.0,4.06,1036.75,4333.98,0.0,0.0,0.0,541.41,0.0,0.0,0.0
401,CN7,256M,2,4,0.0,0.0,0.0,0.0,0.0,0.0,3.96,1013.02,4201.72,0.0,0.0,0.0,524.63,0.0,0.0,0.0
402,CN7,256M,2,8,0.0,0.0,0.0,0.0,0.0,0.0,4.04,1032.57,4177.96,0.0,0.0,0.0,521.75,0.0,0.0,0.0
403,CN7,256M,2,16,0.0,0.0,0.0,0.0,0.0,0.0,3.99,1018.49,4159.31,0.0,0.0,0.0,519.62,0.0,0.0,0.0
404,CN7,256M,2,32,0.0,0.0,0.0,0.0,0.0,0.0,4.13,1053.21,4164.81,0.0,0.0,0.0,520.38,0.0,0.0,0.0
405,CN7,256M,2,64,0.0,0.0,0.0,0.0,0.0,0.0,3.95,1009.09,4207.88,0.0,0.0,0.0,525.54,0.0,0.0,0.0
406,CN7,256M,4,1,0.0,0.0,0.0,0.0,0.0,0.0,5.58,1425.13,5550.76,0.0,0.0,0.0,693.41,0.0,0.0,0.0
407,CN7,256M,4,2,0.0,0.0,0.0,0.0,0.0,0.0,4.53,1159.0,5381.95,0.0,0.0,0.0,672.25,0.0,0.0,0.0
408,CN7,256M,4,4,0.0,0.0,0.0,0.0,0.0,0.0,4.56,1164.77,6132.46,0.0,0.0,0.0,766.13,0.0,0.0,0.0
409,CN7,256M,4,8,0.0,0.0,0.0,0.0,0.0,0.0,4.56,1167.35,6251.49,0.0,0.0,0.0,780.82,0.0,0.0,0.0
410,CN7,256M,4,16,0.0,0.0,0.0,0.0,0.0,0.0,4.57,1168.84,5805.67,0.0,0.0,0.0,725.18,0.0,0.0,0.0
411,CN7,256M,4,32,0.0,0.0,0.0,0.0,0.0,0.0,4.54,1161.36,5754.35,0.0,0.0,0.0,718.62,0.0,0.0,0.0
412,CN7,256M,4,64,0.0,0.0,0.0,0.0,0.0,0.0,4.46,1140.8,5356.12,0.0,0.0,0.0,668.92,0.0,0.0,0.0
413,CN7,256M,8,1,0.0,0.0,0.0,0.0,0.0,0.0,4.35,1113.26,8146.87,0.0,0.0,0.0,1017.45,0.0,0.0,0.0
414,CN7,256M,8,2,0.0,0.0,0.0,0.0,0.0,0.0,4.37,1118.88,8067.59,0.0,0.0,0.0,1007.47,0.0,0.0,0.0
415,CN7,256M,8,4,0.0,0.0,0.0,0.0,0.0,0.0,4.28,1094.86,7606.13,0.0,0.0,0.0,949.8,0.0,0.0,0.0
416,CN7,256M,8,8,0.0,0.0,0.0,0.0,0.0,0.0,4.47,1144.02,7835.65,0.0,0.0,0.0,978.55,0.0,0.0,0.0
417,CN7,256M,8,16,0.0,0.0,0.0,0.0,0.0,0.0,4.46,1139.22,7589.95,0.0,0.0,0.0,947.81,0.0,0.0,0.0
418,CN7,256M,8,32,0.0,0.0,0.0,0.0,0.0,0.0,4.24,1084.67,7838.84,0.0,0.0,0.0,978.83,0.0,0.0,0.0
419,CN7,256M,8,64,0.0,0.0,0.0,0.0,0.0,0.0,4.34,1111.41,7592.97,0.0,0.0,0.0,948.16,0.0,0.0,0.0
420,CN7,256M,16,1,0.0,0.0,0.0,0.0,0.0,0.0,3.0,766.56,10962.6,0.0,0.0,0.0,1368.96,0.0,0.0,0.0
421,CN7,256M,16,2,0.0,0.0,0.0,0.0,0.0,0.0,3.02,771.6,10654.63,0.0,0.0,0.0,1330.47,0.0,0.0,0.0
422,CN7,256M,16,4,0.0,0.0,0.0,0.0,0.0,0.0,3.04,777.38,10536.96,0.0,0.0,0.0,1315.82,0.0,0.0,0.0
423,CN7,256M,16,8,0.0,0.0,0.0,0.0,0.0,0.0,2.99,765.69,10994.3,0.0,0.0,0.0,1372.92,0.0,0.0,0.0
424,CN7,256M,16,16,0.0,0.0,0.0,0.0,0.0,0.0,3.0,769.22,10744.03,0.0,0.0,0.0,1341.78,0.0,0.0,0.0
425,CN7,256M,16,32,0.0,0.0,0.0,0.0,0.0,0.0,2.93,750.44,11160.49,0.0,0.0,0.0,1393.7,0.0,0.0,0.0
426,CN7,256M,16,64,0.0,0.0,0.0,0.0,0.0,0.0,2.98,762.09,10748.45,0.0,0.0,0.0,1342.24,0.0,0.0,0.0
427,CN7,256M,32,1,0.0,0.0,0.0,0.0,0.0,0.0,2.01,513.67,13020.89,0.0,0.0,0.0,1625.85,0.0,0.0,0.0
428,CN7,256M,32,2,0.0,0.0,0.0,0.0,0.0,0.0,2.05,524.78,13001.4,0.0,0.0,0.0,1623.49,0.0,0.0,0.0
429,CN7,256M,32,4,0.0,0.0,0.0,0.0,0.0,0.0,2.02,518.45,13001.31,0.0,0.0,0.0,1623.46,0.0,0.0,0.0
430,CN7,256M,32,8,0.0,0.0,0.0,0.0,0.0,0.0,1.99,509.58,12980.02,0.0,0.0,0.0,1620.77,0.0,0.0,0.0
431,CN7,256M,32,16,0.0,0.0,0.0,0.0,0.0,0.0,2.04,521.24,12967.5,0.0,0.0,0.0,1619.22,0.0,0.0,0.0
432,CN7,256M,32,32,0.0,0.0,0.0,0.0,0.0,0.0,2.04,522.5,11207.07,0.0,0.0,0.0,1399.29,0.0,0.0,0.0
433,CN7,256M,32,64,0.0,0.0,0.0,0.0,0.0,0.0,1.99,508.62,12969.0,0.0,0.0,0.0,1619.43,0.0,0.0,0.0
434,CN7,256M,64,1,0.0,0.0,0.0,0.0,0.0,0.0,1.72,440.15,13605.02,0.0,0.0,0.0,1697.64,0.0,0.0,0.0
435,CN7,256M,64,2,0.0,0.0,0.0,0.0,0.0,0.0,1.71,436.58,13604.02,0.0,0.0,0.0,1697.44,0.0,0.0,0.0
436,CN7,256M,64,4,0.0,0.0,0.0,0.0,0.0,0.0,1.69,433.56,13713.1,0.0,0.0,0.0,1711.1,0.0,0.0,0.0
437,CN7,256M,64,8,0.0,0.0,0.0,0.0,0.0,0.0,2.15,549.9,14049.63,0.0,0.0,0.0,1753.33,0.0,0.0,0.0
438,CN7,256M,64,16,0.0,0.0,0.0,0.0,0.0,0.0,1.69,432.76,13893.04,0.0,0.0,0.0,1733.69,0.0,0.0,0.0
439,CN7,256M,64,32,0.0,0.0,0.0,0.0,0.0,0.0,1.71,436.38,13497.77,0.0,0.0,0.0,1684.32,0.0,0.0,0.0
440,CN7,256M,64,64,0.0,0.0,0.0,0.0,0.0,0.0,1.7,434.63,14098.78,0.0,0.0,0.0,1759.35,0.0,0.0,0.0
